{"CGN-TXL": {"duration_min": 354, "regional_legs": [["8003330", "8003358", "8003320", "8003368", "8000207"], ["8098160", "8011102"], ["8011102"], ["8089015", "8089008", "8089048", "8089087", "8089103", "8089102", "8089101", "8089089"]], "interregional_legs": [["8000207", "8000085", "8000082", "8000086", "8000098", "8000041", "8000080", "8000149", "8000036", "8000152", "8010404", "8098160"]], "leg_station_names": ["Köln/Bonn Flughafen", "Köln Hbf", "Berlin Hbf (tief)", "Berlin Gesundbrunnen", "Berlin Gesundbrunnen(S)"], "reg_coords": [[[50.878901, 7.119302], [50.915219, 7.051262], [50.935857, 6.996734], [50.940874, 6.975001], [50.94303, 6.958729]], [[52.525592, 13.369545], [52.548963, 13.388513]], [[52.548963, 13.388513]], [[52.548963, 13.388513], [52.554491, 13.397943], [52.565482, 13.391791], [52.571422, 13.381111], [52.578091, 13.349617], [52.578048, 13.329176], [52.577722, 13.316835], [52.587998, 13.289781]]], "interreg_coords": [[[50.94303, 6.958729], [51.219962, 6.794319], [51.292009, 6.786836], [51.429785, 6.775903], [51.451355, 7.014793], [51.478609, 7.223275], [51.517896, 7.45929], [51.678078, 7.807821], [52.029261, 8.532722], [52.376761, 9.741021], [52.5346481, 13.1968975], [52.525592, 13.369545]]], "reg_distance": 20, "interreg_distance": 531, "total_distance": 551}, "CGN-FRA": {"duration_min": 64, "regional_legs": [], "interregional_legs": [["8003330", "8005556", "8000667", "8003680", "8070003"]], "leg_station_names": ["Köln/Bonn Flughafen"], "reg_coords": [], "interreg_coords": [[[50.878901, 7.119302], [50.793915, 7.203026], [50.444834, 7.825333], [50.382498, 8.096112], [50.053167, 8.570185]]], "reg_distance": 0, "interreg_distance": 138, "total_distance": 138}, "CGN-MUC": {"duration_min": 342, "regional_legs": [["8000261"], ["8098263", "8004129", "8004128", "8004179", "8004151", "8004155", "8004145", "8004147", "8004580", "8006688", "8003735", "8001647", "8004279", "8004167"]], "interregional_legs": [["8003330", "8005556", "8000667", "8003680", "8070003", "8000105"], ["8000105", "8000244", "8000096", "8000170", "8000013", "8004158", "8000261"]], "leg_station_names": ["Köln/Bonn Flughafen", "Frankfurt(Main)Hbf", "München Hbf", "München Hbf (tief)"], "reg_coords": [[[48.140232, 11.558335]], [[48.141172, 11.560493], [48.141969, 11.548572], [48.142623, 11.536537], [48.14354, 11.519245], [48.144371, 11.503669], [48.180258, 11.506237], [48.197811, 11.525924], [48.213813, 11.541318], [48.257226, 11.55783], [48.2737, 11.568628], [48.287937, 11.580813], [48.302992, 11.616754], [48.321636, 11.661261], [48.352095, 11.764185]]], "interreg_coords": [[[50.878901, 7.119302], [50.793915, 7.203026], [50.444834, 7.825333], [50.382498, 8.096112], [50.053167, 8.570185], [50.107145, 8.663789]], [[50.107145, 8.663789], [49.479354, 8.468921], [48.784084, 9.181635], [48.399437, 9.982227], [48.365441, 10.88557], [48.149852, 11.461872], [48.140232, 11.558335]]], "reg_distance": 29, "interreg_distance": 505, "total_distance": 534}, "CGN-HAM": {"duration_min": 316, "regional_legs": [["8003330", "8003358", "8003320", "8003368", "8000207"], ["8002549"], ["8098549", "8000908", "8003519", "8002628", "8006198", "8002106", "8000805", "8000512", "8005207", "8004661", "8002547"]], "interregional_legs": [["8000207", "8000085", "8000086", "8000098", "8000263", "8000147", "8002549"]], "leg_station_names": ["Köln/Bonn Flughafen", "Köln Hbf", "Hamburg Hbf", "Hamburg Hbf (S-Bahn)"], "reg_coords": [[[50.878901, 7.119302], [50.915219, 7.051262], [50.935857, 6.996734], [50.940874, 6.975001], [50.94303, 6.958729]], [[53.552736, 10.006909]], [[53.552809, 10.007921], [53.55287, 10.02463], [53.561199, 10.038021], [53.564711, 10.056129], [53.569734, 10.059975], [53.576328, 10.057433], [53.587458, 10.044164], [53.59793, 10.035415], [53.605968, 10.033083], [53.620873, 10.031968], [53.63235, 10.006646]]], "interreg_coords": [[[50.94303, 6.958729], [51.219962, 6.794319], [51.429785, 6.775903], [51.451355, 7.014793], [51.956566, 7.635715], [53.455908, 9.991701], [53.552736, 10.006909]]], "reg_distance": 20, "interreg_distance": 381, "total_distance": 401}, "MUC-CGN": {"duration_min": 369, "regional_legs": [["8004167", "8004279", "8001647", "8003735", "8006688", "8004580", "8004147", "8004145", "8004155", "8004151", "8004179", "8004128", "8004129", "8098263"], ["8098263"], ["8005556", "8000135", "8005629", "8004873", "8003330"]], "interregional_legs": [["8000261", "8000284", "8000260", "8000010", "8000105", "8070003", "8005556"]], "leg_station_names": ["München Flughafen Besucherpark", "München Hbf (tief)", "München Hbf", "Siegburg/Bonn"], "reg_coords": [[[48.352095, 11.764185], [48.321636, 11.661261], [48.302992, 11.616754], [48.287937, 11.580813], [48.2737, 11.568628], [48.257226, 11.55783], [48.213813, 11.541318], [48.197811, 11.525924], [48.180258, 11.506237], [48.144371, 11.503669], [48.14354, 11.519245], [48.142623, 11.536537], [48.141969, 11.548572], [48.141172, 11.560493]], [[48.141172, 11.560493]], [[50.793915, 7.203026], [50.813922, 7.150892], [50.826727, 7.114916], [50.858133, 7.079266], [50.878901, 7.119302]]], "interreg_coords": [[[48.140232, 11.558335], [49.445616, 11.082989], [49.801796, 9.93578], [49.980557, 9.143697], [50.107145, 8.663789], [50.053167, 8.570185], [50.793915, 7.203026]]], "reg_distance": 42, "interreg_distance": 472, "total_distance": 514}, "DUS-TXL": {"duration_min": 318, "regional_legs": [["8010404", "8011167", "8011102"], ["8011102"], ["8089015", "8089008", "8089048", "8089087", "8089103", "8089102", "8089101", "8089089"]], "interregional_legs": [["8000082", "8000086", "8000098", "8000041", "8000080", "8000149", "8000036", "8000152", "8006552", "8010404"]], "leg_station_names": ["Düsseldorf Flughafen", "Berlin-Spandau", "Berlin Gesundbrunnen", "Berlin Gesundbrunnen(S)"], "reg_coords": [[[52.5346481, 13.1968975], [52.530276, 13.299437], [52.548963, 13.388513]], [[52.548963, 13.388513]], [[52.548963, 13.388513], [52.554491, 13.397943], [52.565482, 13.391791], [52.571422, 13.381111], [52.578091, 13.349617], [52.578048, 13.329176], [52.577722, 13.316835], [52.587998, 13.289781]]], "interreg_coords": [[[51.292009, 6.786836], [51.429785, 6.775903], [51.451355, 7.014793], [51.478609, 7.223275], [51.517896, 7.45929], [51.678078, 7.807821], [52.029261, 8.532722], [52.376761, 9.741021], [52.429498, 10.787784], [52.5346481, 13.1968975]]], "reg_distance": 18, "interreg_distance": 480, "total_distance": 498}, "MUC-TXL": {"duration_min": 371, "regional_legs": [["8004167", "8002534", "8003092", "8005986", "8004149", "8004144", "8004143", "8004134", "8000262", "8004136", "8004131", "8004135", "8004132", "8098263"], ["8098263"], ["8011102"], ["8089015", "8089008", "8089048", "8089087", "8089103", "8089102", "8089101", "8089089"]], "interregional_legs": [["8000261", "8000284", "8001844", "8010101", "8010205", "8010222", "8011113", "8098160", "8011102"]], "leg_station_names": ["München Flughafen Besucherpark", "München Hbf (tief)", "München Hbf", "Berlin Gesundbrunnen", "Berlin Gesundbrunnen(S)"], "reg_coords": [[[48.352095, 11.764185], [48.309167, 11.714334], [48.226012, 11.679489], [48.19031, 11.646772], [48.167638, 11.646058], [48.156915, 11.648335], [48.149622, 11.64933], [48.13425, 11.615986], [48.12744, 11.604971], [48.129168, 11.593049], [48.134202, 11.583234], [48.137048, 11.575386], [48.139452, 11.565619], [48.141172, 11.560493]], [[48.141172, 11.560493]], [[52.548963, 13.388513]], [[52.548963, 13.388513], [52.554491, 13.397943], [52.565482, 13.391791], [52.571422, 13.381111], [52.578091, 13.349617], [52.578048, 13.329176], [52.577722, 13.316835], [52.587998, 13.289781]]], "interreg_coords": [[[48.140232, 11.558335], [49.445616, 11.082989], [49.5958303, 11.0016382], [50.972551, 11.038499], [51.3454712, 12.3820639], [51.867811, 12.662285], [52.475047, 13.365319], [52.525592, 13.369545], [52.548963, 13.388513]]], "reg_distance": 32, "interreg_distance": 571, "total_distance": 603}, "TXL-CGN": {"duration_min": 433,